,filename,text,duration
0,001001,به نام خداوند بخشنده بخشایشگر,4.232
2,001003,(خداوندی که) بخشنده و بخشایشگر است (و رحمت عام و خاصش همگان را فرا گرفته).,4.911
3,001004,(خداوندی که) مالک روز جزاست.,4.807
5,001006,ما را به راه راست هدایت کن...,3.971
560,004068,و آنان را به راه راست، هدایت می‌کردیم.,4.598
648,004156,و (نیز) بخاطر کفرشان، و تهمت بزرگی که بر مریم زدند.,5.904
968,007015,فرمود: «تو از مهلت داده شدگانی!»,3.814
1065,007112,تا هر ساحر دانا (و کارآزموده‌ای) را به خدمت تو بیاورند!»,5.642
1067,007114,گفت: «آری، و شما از مقربان خواهید بود!»,4.336
1072,007119,و در آنجا (همگی) مغلوب شدند؛ و خوار و کوچک گشتند.,5.747
1073,007120,و ساحران (بی‌اختیار) به سجده افتادند.,4.18
1074,007121,و گفتند: «ما به پروردگار جهانیان ایمان آوردیم؛,5.381
1075,007122,پروردگار موسی و هارون!»,3.082
1145,007192,و نمی‌توانند آنان را یاری کنند، و نه خودشان را یاری می‌دهند.,5.956
1594,011122,و انتظار بکشید! ما هم منتظریم!,4.127
1611,012016,(برادران یوسف) شب هنگام، گریان به سراغ پدر آمدند.,5.904
1666,012071,آنها رو به سوی او کردند و گفتند: «چه چیز گم کرده‌اید؟»,5.172
1669,012074,آنها گفتند: «اگر دروغگو باشید، کیفرش چیست؟»,4.807
1690,012095,گفتند: «به خدا تو در همان گمراهی سابقت هستی!»,5.068
1769,014020,و این کار برای خدا مشکل نیست!,3.605
1798,014049,و در آن روز، مجرمان را با هم در غل و زنجیر می‌بینی! (که دستها و گردنهایشان را به هم بسته است!),5.59
1808,015007,اگر راست می‌گویی، چرا فرشتگان را نزد ما نمی‌زوری؟!»,4.807
1818,015017,و آن را از هر شیطان رانده شده‌ای حفظ کردیم؛,4.859
1828,015027,و جن را پیش از آن، از آتش گرم و سوزان خلق کردیم!,5.59
1831,015030,همه فرشتگان، بی استثنا، سجده کردند...,4.075
1838,015037,فرمود: «تو از مهلت یافتگانی!,3.866
1839,015038,(امّا نه تا روز رستاخیز، بلکه) تا روز وقت معیّنی.»,5.329
1841,015040,مگر بندگان مخلصت را.»,2.717
1842,015041,فرمود: «این راه مستقیمی است که بر عهده من است (و سنّت همیشگیم)...,5.486
1844,015043,و دوزخ، میعادگاه همه آنهاست!,3.553
1850,015049,بندگانم را آگاه کن که من بخشنده مهربانم!,5.433
1852,015051,و به آنها از مهمانهای ابراهیم خبر ده!,4.232
1858,015057,(سپس) گفت: «مأموریت شما چیست ای فرستادگان خدا؟»,5.642
1860,015059,مگر خاندان لوط، که همگی آنها را نجات خواهیم داد...,5.224
1862,015061,هنگامی که فرستادگان (خدا) به سراغ خاندان لوط آمدند...,5.59
1863,015062,(لوط) گفت: «شما گروه ناشناسی هستید!»,4.65
1870,015069,و از خدا بترسید، و مرا شرمنده نسازید!»,4.075
1878,015077,در این، نشانه‌ای است برای مؤمنان!,3.344
1881,015080,و «اصحاب حجر» [= قوم ثمود] پیامبران را تکذیب کردند!,5.433
1883,015082,آنها خانه‌های امن در دل کوه‌ها می‌تراشیدند.,4.493
1884,015083,امّا سرانجام صیحه (مرگبار)، صبحگاهان آنان را فرا گرفت؛,5.851
1887,015086,به یقین، پروردگار تو، آفریننده آگاه است!,5.172
1888,015087,ما به تو سوره حمد و قرآن عظیم دادیم!,4.963
1890,015089,و بگو: «من انذارکننده آشکارم!»,5.12
1894,015093,از آنچه عمل می‌کردند!,2.142
1896,015095,ما شرّ استهزاکنندگان را از تو دفع خواهیم کرد؛,5.851
2009,016109,و ناچار آنها در آخرت زیانکارند.,4.441
2078,017050,بگو: «شما سنگ باشید یا آهن،,4.336
2206,018067,گفت: «تو هرگز نمی‌توانی با من شکیبایی کنی!,4.911
2224,018085,او از این اسباب، (پیروی و استفاده) کرد...,4.127
2231,018092,(باز) از اسباب مهمّی (که در اختیار داشت) استفاده کرد...,5.433
2239,018100,در آن روز، جهنم را بر کافران عرضه می‌داریم!,4.859
2306,019057,و ما او را به مقام والایی رساندیم.,3.971
2338,019089,راستی مطلب زشت و زننده‌ای گفتید!,4.023
2340,019091,از این رو که برای خداوند رحمان فرزندی قائل شدند!,4.911
2343,019094,خداوند همه آنها را احصا کرده، و به دقّت شمرده است!,5.799
2349,020002,ما قرآن را بر تو نازل نکردیم که خود را به زحمت بیفکنی!,4.963
2352,020005,همان بخشنده‌ای که بر عرش مسلّط است.,4.389
2356,020009,و آیا خبر موسی به تو رسیده است؟,3.553
2364,020017,و آن چیست در دست راست تو، ای موسی؟!,3.814
2366,020019,گفت: «ای موسی! آن را بیفکن.»,4.545
2370,020023,تا از نشانه‌های بزرگ خویش به تو نشان دهیم.,4.441
2371,020024,اینک به سوی فرعون برو، که او طغیان کرده است.»,5.329
2373,020026,و کارم را برایم آسان گردان!,3.187
2374,020027,و گره از زبانم بگشای؛,2.612
2375,020028,تا سخنان مرا بفهمند!,2.456
2376,020029,و وزیری از خاندانم برای من قرار ده...,4.075
2377,020030,برادرم هارون را!,1.672
2378,020031,با او پشتم را محکم کن؛,2.769
2379,020032,و او را در کارم شریک ساز؛,2.664
2380,020033,تا تو را بسیار تسبیح گوییم؛,3.657
2381,020034,و تو را بسیار یاد کنیم؛,2.769
2382,020035,چرا که تو همیشه از حال ما آگاه بوده‌ای!»,4.65
2384,020037,و ما بار دیگر تو را مشمول نعمت خود ساختیم...,5.12
2385,020038,آن زمان که به مادرت آنچه لازم بود الهام کردیم...,5.12
2388,020041,و من تو را برای خودم ساختم (و پرورش دادم)!,5.538
2390,020043,بسوی فرعون بروید؛ که طغیان کرده است!,4.127
2396,020049,(فرعون) گفت: «پروردگار شما کیست، ای موسی؟!»,5.747
2415,020068,گفتیم: «نترس! تو مسلّماً (پیروز و) برتری!,5.747
2440,020093,از من پیروی نکردی؟! آیا فرمان مرا عصیان نمودی؟!»,5.224
2454,020107,به گونه‌ای که در آن، هیچ پستی و بلندی نمی‌بینی!»,4.284
2496,021014,گفتند: «ای وای بر ما! به یقین ما ستمگر بودیم!»,5.747
2502,021020,(تمام) شب و روز را تسبیح می‌گویند؛ و سست نمی‌گردند.,5.799
2535,021053,گفتند: «ما پدران خود را دیدیم که آنها را عبادت می‌کنند.»,5.747
2537,021055,گفتند: «آیا مطلب حقّی برای ما آورده‌ای، یا شوخی می‌کنی؟!»,5.851
2589,021107,ما تو را جز برای رحمت جهانیان نفرستادیم.,5.538
2615,022021,و برای آنان گرزهایی از آهن (سوزان) است.,5.642
2637,022043,و همچنین قوم ابراهیم و قوم لوط؛,4.127
2674,023002,آنها که در نمازشان خشوع دارند؛,3.448
2675,023003,و آنها که از لغو و بیهودگی روی‌گردانند؛,4.493
2676,023004,و آنها که زکات را انجام می‌دهند؛,3.709
2680,023008,و آنها که امانتها و عهد خود را رعایت می‌کنند؛,4.65
2681,023009,و آنها که بر نمازهایشان مواظبت می‌نمایند؛,4.859
2682,023010,(آری،) آنها وارثانند!,3.344
2684,023012,و ما انسان را از عصاره‌ای از گِل آفریدیم؛,5.016
2687,023015,سپس شما بعد از آن می‌میرید؛,3.553
2688,023016,سپس در روز قیامت برانگیخته می‌شوید!,3.866
2694,023022,و بر آنها و بر کشتیها سوار می‌شوید!,4.232
2703,023031,سپس جمعیّت دیگری را بعد از آنها به وجود آوردیم.,5.224
2708,023036,هیهات، هیهات از این وعده‌هایی که به شما داده می‌شود!,5.486
2714,023042,سپس اقوام دیگری را پس از آنها پدید آوردیم.,5.277
2729,023057,مسلّماً کسانی که از خوف پروردگارشان بیمناکند،,5.538
2730,023058,و آنان که به آیات پروردگارشان ایمان می‌آورند،,5.695
2731,023059,و آنها که به پروردگارشان شرک نمی‌ورزند،,4.65
2745,023073,بطور قطع و یقین، تو آنان را به راه راست دعوت می‌کنی.,5.695
2784,023112,(خداوند) می‌گوید: «چند سال در روی زمین توقّف کردید؟»,5.642
2920,025066,مسلّماً آن (جهنم)، بد جایگاه و بد محلّ اقامتی است!»,5.59
2933,026002,این آیات کتاب روشنگر است.,3.396
2940,026009,و پروردگار تو عزیز و رحیم است!,4.493
2954,026023,فرعون گفت: «پروردگار عالمیان چیست؟!»,5.068
2962,026031,گفت: «اگر راست می‌گویی آن را بیاور!»,3.971
2968,026037,تا هر ساحر ماهر و دانایی را نزد تو آورند!»,4.598
2971,026040,تا اگر ساحران پیروز شوند، از آنان پیروی کنیم؟!»,4.023
2973,026042,گفت: «(آری،) و در آن صورت شما از مقرّبان خواهید بود!»,5.799
2977,026046,فوراً همه ساحران به سجده افتادند.,3.918
2978,026047,گفتند: «ما به پروردگار عالمیان ایمان آوردیم،,5.277
2979,026048,پروردگار موسی و هارون!»,2.821
2985,026054,(و گفت:) اینها مسلّماً گروهی اندکند؛,4.441
2986,026055,و اینها ما را به خشم آورده‌اند؛,2.456
2987,026056,و ما همگی آماده پیکاریم!»,3.135
2989,026058,و از گنجها و قصرهای مجلّل!,3.239
2996,026065,و موسی و تمام کسانی را که با او بودند نجات دادیم!,5.486
2997,026066,سپس دیگران را غرق کردیم!,3.396
2999,026068,و پروردگارت شکست‌ناپذیر و مهربان است!,4.859
3000,026069,و بر آنان خبر ابراهیم را بخوان،,3.5
3001,026070,هنگامی که به پدر و قومش گفت: «چه چیز را می‌پرستید؟!»,5.381
3004,026073,یا سود و زیانی به شما می‌رسانند؟!»,3.082
3005,026074,گفتند: «ما فقط نیاکان خود را یافتیم که چنین می‌کنند.»,5.904
3007,026076,شما و پدران پیشین شما،,2.717
3009,026078,همان کسی که مرا آفرید، و پیوسته راهنمائیم می‌کند،,5.381
3010,026079,و کسی که مرا غذا می‌دهد و سیراب می‌نماید،,4.545
3011,026080,و هنگامی که بیمار شوم مرا شفا می‌دهد،,4.65
3012,026081,و کسی که مرا می‌میراند و سپس زنده می‌کند،,4.807
3013,026082,و کسی که امید دارم گناهم را در روز جزا ببخشد!,5.277
3016,026085,و مرا وارثان بهشت پرنعمت گردان!,4.493
3017,026086,و پدرم [= عمویم‌] را بیامرز، که او از گمراهان بود!,5.172
3019,026088,در آن روز که مال و فرزندان سودی نمی‌بخشد،,4.075
3020,026089,مگر کسی که با قلب سلیم به پیشگاه خدا آید!»,5.59
3021,026090,(در آن روز،) بهشت برای پرهیزکاران نزدیک می‌شود،,5.068
3022,026091,و دوزخ برای گمراهان آشکار می‌گردد،,4.65
3026,026095,و همچنین همگی لشکریان ابلیس!,3.814
3027,026096,آنها در آنجا در حالی که به مخاصمه برخاسته‌اند می‌گویند:,5.538
3028,026097,«به خدا سوگند که ما در گمراهی آشکاری بودیم،,4.336
3029,026098,چون شما را با پروردگار عالمیان برابر می‌شمردیم!,5.277
3030,026099,امّا کسی جز مجرمان ما را گمراه نکرد!,3.814
3031,026100,(افسوس که امروز) شفاعت‌کنندگانی برای ما وجود ندارد،,5.224
3032,026101,و نه دوست گرم و پرمحبّتی!,2.717
3033,026102,ای کاش بار دیگر (به دنیا) بازگردیم و از مؤمنان باشیم!»,5.381
3035,026104,و پروردگار تو عزیز و رحیم است!,3.814
3036,026105,قوم نوح رسولان را تکذیب کردند،,3.605
3038,026107,مسلّماً من برای شما پیامبری امین هستم!,4.284
3039,026108,تقوای الهی پیشه کنید و مرا اطاعت نمایید!,4.545
3041,026110,پس، تقوای الهی پیشه کنید و مرا اطاعت نمایید!»,5.224
3043,026112,(نوح) گفت: «من چه می‌دانم آنها چه کاری داشته‌اند!,5.172
3044,026113,حساب آنها تنها با پروردگار من است اگر شما می‌فهمیدید!,5.277
3045,026114,و من هرگز مؤمنان را طرد نخواهم کرد.,3.814
3046,026115,من تنها انذارکننده‌ای آشکارم.»,3.762
3048,026117,گفت: «پروردگارا! قوم من، مرا تکذیب کردند!,5.799
3051,026120,سپس بقیه را غرق کردیم!,3.135
3053,026122,و پروردگار تو عزیز و رحیم است.,3.866
3054,026123,قوم عاد (نیز) رسولان (خدا) را تکذیب کردند،,4.441
3056,026125,مسلماً من برای شما پیامبری امین هستم.,4.441
3057,026126,پس تقوای الهی پیشه کنید و مرا اطاعت نمایید!,4.807
3062,026131,پس تقوای الهی پیشه کنید و مرا اطاعت نمایید!,5.277
3065,026134,همچنین به باغها و چشمه‌ها!,3.135
3068,026137,این همان روش (و افسانه‌های) پیشینیان است!,2.873
3069,026138,و ما هرگز مجازات نخواهیم شد!»,2.926
3071,026140,و پروردگار تو عزیز و رحیم است!,3.448
3072,026141,قوم ثمود رسولان (خدا) را تکذیب کردند،,4.493
3074,026143,من برای شما پیامبری امین هستم!,3.344
3075,026144,پس تقوای الهی پیشه کنید و مرا اطاعت نمایید!,4.598
3078,026147,در این باغها و چشمه‌ها،,2.456
3081,026150,پس از خدا بترسید و مرا اطاعت کنید!,4.336
3082,026151,و فرمان مسرفان را اطاعت نکنید!,3.553
3083,026152,همانها که در زمین فساد می‌کنند و اصلاح نمی‌کنند!»,5.224
3090,026159,و پروردگار تو عزیز و رحیم است!,4.911
3091,026160,قوم لوط فرستادگان (خدا) را تکذیب کردند،,4.545
3093,026162,من برای شما پیامبری امین هستم!,3.553
3094,026163,پس تقوای الهی پیشه کنید و مرا اطاعت نمایید!,4.702
3096,026165,آیا در میان جهانیان، شما به سراغ جنس ذکور می‌روید (و همجنس بازی می‌کنید، آیا این زشت و ننگین نیست؟!),5.172
3099,026168,گفت: «من دشمن سرسخت اعمال شما هستم!,4.493
3101,026170,ما او و تمامی خاندانش را نجات دادیم،,4.598
3102,026171,جز پیرزنی که در میان بازماندگان بود!,3.762
3103,026172,سپس دیگران را هلاک کردیم!,2.717
3106,026175,و پروردگار تو عزیز و رحیم است!,3.866
3107,026176,اصحاب ایکه [= شهری نزدیک مدین‌] رسولان (خدا) را تکذیب کردند،,4.754
3108,026177,هنگامی که شعیب به آنها گفت: «آیا تقوا پیشه نمی‌کنید؟!,5.642
3109,026178,مسلّماً من برای شما پیامبری امین هستم!,4.127
3110,026179,پس تقوای الهی پیشه کنید و مرا اطاعت نمایید!,4.65
3113,026182,و با ترازوی صحیح وزن کنید!,3.187
3116,026185,آنها گفتند: «تو فقط از افسون‌شدگانی!,3.762
3118,026187,اگر راست می‌گویی، سنگهایی از آسمان بر سر ما بباران!»,5.016
3122,026191,و پروردگار تو عزیز و رحیم است!,3.553
3124,026193,روح الامین آن را نازل کرده است...,2.769
3125,026194,بر قلب (پاک) تو، تا از انذارکنندگان باشی!,4.754
3126,026195,آن را به زبان عربی آشکار (نازل کرد)!,4.389
3127,026196,و توصیف آن در کتابهای پیشینیان نیز آمده است!,4.963
3129,026198,هرگاه ما آن را بر بعضی از عجم [= غیر عرب‌]ها نازل می‌کردیم...,5.277
3130,026199,و او آن را بر ایشان می‌خواند، به آن ایمان نمی‌آورند!,4.807
3133,026202,ناگهان به سراغشان می‌آید، در حالی که توجّه ندارند!,5.277
3134,026203,و (در آن هنگام) می‌گویند: «آیا به ما مهلتی داده خواهد شد؟!»,5.068
3135,026204,آیا برای عذاب ما عجله می‌کنند؟!,3.344
3140,026209,تا متذکّر شوند؛ و ما هرگز ستمکار نبودیم! (که بدون اتمام حجّت مجازات کنیم),5.642
3141,026210,شیاطین و جنیّان (هرگز) این آیات را نازل نکردند!,5.172
3142,026211,و برای آنها سزاوار نیست؛ و قدرت ندارند!,4.807
3145,026214,و خویشاوندان نزدیکت را انذار کن!,3.657
3148,026217,و بر خداوند عزیز و رحیم توکّل کن!,3.866
3150,026219,و (نیز) حرکت تو را در میان سجده‌کنندگان!,4.284
3151,026220,اوست خدای شنوا و دانا.,3.135
3152,026221,آیا به شما خبر دهم که شیاطین بر چه کسی نازل می‌شوند؟!,5.381
3153,026222,آنها بر هر دروغگوی گنهکار نازل می‌گردند؛,4.859
3156,026225,آیا نمی‌بینی آنها در هر وادی سرگردانند؟,4.545
3157,026226,و سخنانی می‌گویند که (به آنها) عمل نمی‌کنند؟!,4.336
3160,027002,وسیله هدایت و بشارت برای مؤمنان است؛,4.232
3167,027009,ای موسی! من خداوند عزیز و حکیمم!,5.381
3235,027077,و مایه هدایت و رحمت برای مؤمنان است!,4.075
3253,028002,اینها از آیات کتاب مبین است!,3.291
3410,030002,رومیان مغلوب شدند!,2.142
3422,030014,آن روز که قیامت برپا می‌گردد، (مردم) از هم جدا می‌شوند؛,5.904
3457,030049,و قطعاً پیش از آنکه بر آنان نازل شود مایوس بودند!,5.329
3470,031002,این آیات کتاب حکیم است (کتابی پرمحتوا و استوار)!,3.187
3471,031003,مایه هدایت و رحمت برای نیکوکاران است.,4.493
3573,033041,ای کسانی که ایمان آورده‌اید! خدا را بسیار یاد کنید،,5.433
3574,033042,و صبح و شام او را تسبیح گویید!,3.291
3634,034029,می‌گویند: «اگر راست می‌گویید، این وعده (رستاخیز) کی خواهد بود؟!»,5.799
3675,035016,اگر بخواهد شما را می‌برد و خلق جدیدی می‌آورد؛,4.911
3676,035017,و این برای خداوند مشکل نیست!,3.344
3678,035019,و نابینا و بینا هرگز برابر نیستند،,4.336
3679,035020,و نه ظلمتها و روشنایی،,2.612
3680,035021,و نه سایه (آرامبخش) و باد داغ و سوزان!,4.963
3682,035023,تو فقط انذارکننده‌ای، (اگر ایمان نیاورند نگران نباش، وظیفه‌ات را انجام ده.),2.769
3706,036002,سوگند به قرآن حکیم.,2.926
3707,036003,که تو قطعاً از رسولان (خداوند) هستی،,4.023
3708,036004,بر راهی راست (قرار داری)؛,2.09
3721,036017,و بر عهده ما چیزی جز ابلاغ آشکار نیست!»,4.493
3728,036024,اگر چنین کنم، من در گمراهی آشکاری خواهم بود!,4.441
3736,036032,و همه آنان (روز قیامت) نزد ما احضار می‌شوند!,4.545
3746,036042,و برای آنها مرکبهای دیگری همانند آن آفریدیم.,4.911
3759,036055,بهشتیان، امروز به نعمتهای خدا مشغول و مسرورند.,5.277
3763,036059,(و به آنها می‌گویند:) جدا شوید امروز ای گنهکاران!,5.538
3765,036061,و اینکه مرا بپرستید که راه مستقیم این است؟!,4.545
3766,036062,او گروه زیادی از شما را گمراه کرد، آیا اندیشه نکردید؟!,5.695
3767,036063,این همان دوزخی است که به شما وعده داده می‌شد!,4.18
3789,037002,و به نهی‌کنندگان و (بازدارندگان),2.194
3790,037003,و تلاوت‌کنندگان پیاپی آیات الهی...,4.545
3791,037004,که معبود شما یگانه است؛,2.612
3793,037006,ما آسمان نزدیک [= پایین‌] را با ستارگان آراستیم،,5.224
3794,037007,تا آن را از هر شیطان خبیثی حفظ کنیم!,4.336
3799,037012,تو از انکارشان تعجّب می‌کنی، ولی آنها مسخره می‌کنند!,5.695
3802,037015,و می‌گویند: «این فقط سحری آشکار است!,4.389
3804,037017,یا پدران نخستین ما (بازمی‌گردند)؟!»,4.336
3807,037020,و می‌گویند: «ای وای بر ما، این روز جزاست!»,5.277
3811,037024,آنها را نگهدارید که باید بازپرسی شوند!,3.762
3812,037025,شما را چه شده که از هم یاری نمی‌طلبید؟!,3.709
3813,037026,ولی آنان در آن روز تسلیم قدرت خداوندند!,4.545
3814,037027,(و در این حال) رو به یکدیگر کرده و از هم می‌پرسند...,4.911
3819,037032,ما شما را گمراه کردیم، همان گونه که خود گمراه بودیم!,4.702
3821,037034,ما این گونه با مجرمان رفتار می‌کنیم!,3.135
3826,037039,و جز به آنچه انجام می‌دادید کیفر داده نمی‌شوید،,4.911
3827,037040,جز بندگان مخلص خدا (که از این کیفرها برکنارند)!,2.403
3828,037041,برای آنان [= بندگان مخلص‌] روزی معیّن و ویژه‌ای است،,3.971
3830,037043,در باغهای پر نعمت بهشت؛,2.873
3831,037044,در حالی که بر تختها رو به روی یکدیگر تکیه زده‌اند،,5.851
3833,037046,شرابی سفید و درخشنده، و لذّتبخش برای نوشندگان؛,5.642
3838,037051,کسی از آنها می‌گوید: «من همنشینی داشتم...,4.65
3839,037052,که پیوسته می‌گفت: آیا (به راستی) تو این سخن را باور کرده‌ای...,5.799
3841,037054,(سپس) می‌گوید: «آیا شما می‌توانید از او خبری بگیرید؟»,5.329
3847,037060,راستی این همان پیروزی بزرگ است!,3.239
3849,037062,آیا این (نعمتهای جاویدان بهشتی) بهتر است یا درخت (نفرت‌انگیز) زقّوم؟!,4.389
3850,037063,ما آن را مایه درد و رنج ظالمان قرار دادیم!,4.493
3851,037064,آن درختی است که از قعر جهنّم می‌روید!,3.814
3852,037065,شکوفه آن مانند سرهای شیاطین است!,3.918
3854,037067,سپس روی آن آب داغ متعفّنی می‌نوشند!,4.65
3855,037068,سپس بازگشت آنها به سوی جهنّم است!,3.657
3856,037069,چرا که آنها پدران خود را گمراه یافتند،,3.918
3857,037070,با این حال به سرعت بدنبال آنان کشانده می‌شوند!,4.545
3858,037071,و قبل از آنها بیشتر پیشینیان (نیز) گمراه شدند!,5.224
3859,037072,ما در میان آنها انذارکنندگانی فرستادیم،,4.336
3860,037073,ولی بنگر عاقبت انذارشوندگان چگونه بود!,4.023
3861,037074,مگر بندگان مخلص خدا!,2.978
3864,037077,و فرزندانش را همان بازماندگان (روی زمین) قرار دادیم،,5.59
3865,037078,و نام نیک او را در میان امّتهای بعد باقی نهادیم.,5.486
3866,037079,سلام بر نوح در میان جهانیان باد!,3.971
3867,037080,ما این گونه نیکوکاران را پاداش می‌دهیم!,3.866
3868,037081,چرا که او از بندگان باایمان ما بود!,3.866
3869,037082,سپس دیگران [= دشمنان او] را غرق کردیم!,3.082
3870,037083,و از پیروان او ابراهیم بود؛,3.239
3872,037085,هنگامی که به پدر و قومش گفت: «اینها چیست که می‌پرستید؟!,5.538
3873,037086,آیا غیر از خدا به سراغ این معبودان دروغین می‌روید؟!,4.389
3874,037087,شما درباره پروردگار عالمیان چه گمان می‌برید؟!,4.336
3875,037088,(سپس) نگاهی به ستارگان افکند...,3.605
3877,037090,آنها از او روی برتافته و به او پشت کردند (و بسرعت دور شدند.),4.18
3879,037092,(اصلاً) چرا سخن نمی‌گویید؟!»,2.456
3881,037094,آنها با سرعت به او روی آوردند.,3.239
3882,037095,گفت: «آیا چیزی را می‌پرستید که با دست خود می‌تراشید؟!,5.277
3883,037096,با اینکه خداوند هم شما را آفریده و هم بتهایی که می‌سازید!»,5.799
3888,037101,ما او [= ابراهیم‌] را به نوجوانی بردبار و صبور بشارت دادیم!,5.538
3891,037104,او را ندا دادیم که: «ای ابراهیم!,3.866
3893,037106,این مسلّماً همان امتحان آشکار است!,3.762
3894,037107,ما ذبح عظیمی را فدای او کردیم،,3.396
3895,037108,و نام نیک او را در امّتهای بعد باقی نهادیم!,5.12
3896,037109,سلام بر ابراهیم!,1.985
3897,037110,این گونه نیکوکاران را پاداش می‌دهیم!,3.135
3898,037111,او از بندگان باایمان ما است!,3.866
3901,037114,ما به موسی و هارون نعمت بخشیدیم!,3.396
3902,037115,و آن دو و قومشان را از اندوه بزرگ نجات دادیم!,5.172
3903,037116,و آنها را یاری کردیم تا بر دشمنان خود پیروز شدند!,4.911
3904,037117,ما به آن دو، کتاب روشنگر دادیم،,3.605
3905,037118,و آن دو را به راه راست هدایت نمودیم!,3.918
3906,037119,و نام نیکشان را در اقوام بعد باقی گذاردیم!,4.702
3907,037120,سلام بر موسی و هارون!,3.135
3908,037121,ما این گونه نیکوکاران را پاداش می‌دهیم!,3.814
3909,037122,آن دو از بندگان مؤمن ما بودند!,3.657
3910,037123,و الیاس از رسولان (ما) بود!,3.344
3913,037126,خدایی که پروردگار شما و پروردگار نیاکان شماست!»,5.695
3915,037128,مگر بندگان مخلص خدا!,2.456
3916,037129,ما نام نیک او را در میان امّتهای بعد باقی گذاردیم!,5.799
3917,037130,سلام بر الیاسین!,2.664
3918,037131,ما این گونه نیکوکاران را پاداش می‌دهیم!,3.553
3919,037132,او از بندگان مؤمن ما است!,2.508
3920,037133,و لوط از رسولان (ما) است!,2.612
3923,037136,سپس بقیه را نابود کردیم!,2.821
3925,037138,و (همچنین) شبانگاه؛ آیا نمی‌اندیشید؟!,4.389
3926,037139,و یونس از رسولان (ما) است!,2.873
3930,037143,و اگر او از تسبیح‌کنندگان نبود...,3.344
3931,037144,تا روز قیامت در شکم ماهی می‌ماند!,3.866
3934,037147,و او را به سوی جمعیّت یکصد هزار نفری -یا بیشتر- فرستادیم!,5.956
3937,037150,آیا ما فرشتگان را مؤنث آفریدیم و آنها ناظر بودند؟!,5.538
3938,037151,دانید آنها با این تهمت بزرگشان می‌گویند:,4.545
3939,037152,«خداوند فرزند آورده!» ولی آنها به یقین دروغ می‌گویند!,5.538
3940,037153,آیا دختران را بر پسران ترجیح داده است؟!,3.814
3941,037154,شما را چه شده است؟! چگونه حکم می‌کنید؟! (هیچ می‌فهمید چه می‌گویید؟!),4.127
3942,037155,آیا متذکّر نمی‌شوید؟!,2.299
3943,037156,یا شما دلیل روشنی در این باره دارید؟,3.762
3944,037157,کتابتان را بیاورید اگر راست می‌گویید!,3.553
3946,037159,منزّه است خداوند از آنچه توصیف می‌کنند،,4.232
3947,037160,مگر بندگان مخلص خدا!,2.403
3948,037161,شما و آنچه را پرستش می‌کنید،,3.291
3949,037162,هرگز نمی‌توانید کسی را (با آن) فریب دهید،,4.336
3950,037163,مگر آنها که در آتش دوزخ وارد می‌شوند!,3.918
3951,037164,و هیچ یک از ما نیست جز آنکه مقام معلومی دارد؛,4.963
3953,037166,و ما همه تسبیح‌گوی او هستیم!,3.5
3954,037167,آنها پیوسته می‌گفتند:,2.299
3955,037168,«اگر یکی از کتابهای پیشینیان نزد ما بود،,3.448
3956,037169,به یقین، ما بندگان مخلص خدا بودیم!»,3.605
3959,037172,که آنان یاری شدگانند،,2.508
3960,037173,و لشکر ما پیروزند!,2.09
3963,037176,آیا آنها برای عذاب ما شتاب می‌کنند؟!,4.336
3965,037178,از آنان روی بگردان تا زمان معیّنی!,4.023
3968,037181,و سلام بر رسولان!,2.142
3971,038002,ولی کافران گرفتار غرور اختلافند!,4.023
4016,038047,و آنها نزد ما از برگزیدگان و نیکانند!,4.336
4019,038050,باغهای جاویدان بهشتی که درهایش به روی آنان گشوده است،,5.695
4022,038053,این همان است که برای روز حساب به شما وعده داده می‌شود (وعده‌ای تخلّف ناپذیر)!,5.486
4023,038054,این روزی ما است که هرگز آن را پایانی نیست!,4.859
4025,038056,دوزخ، که در آن وارد می‌شوند؛ و چه بستر بدی است!,5.433
4027,038058,و جز اینها کیفرهای دیگری همانند آن دارند!,4.441
4032,038063,آیا ما آنان را به مسخره گرفتیم یا (به اندازه‌ای حقیرند که) چشمها آنها را نمی‌بیند؟!,5.538
4033,038064,این یک واقعیت است گفتگوهای خصمانه دوزخیان!,4.963
4036,038067,بگو: «این خبری بزرگ است،,3.082
4037,038068,که شما از آن روی‌گردانید!,2.508
4042,038073,در آن هنگام همه فرشتگان سجده کردند،,3.918
4043,038074,جز ابلیس که تکبّر ورزید و از کافران بود!,4.807
4047,038078,و مسلّماً لعنت من بر تو تا روز قیامت خواهد بود!,5.642
4049,038080,فرمود: «تو از مهلت داده‌شدگانی،,3.5
4050,038081,ولی تا روز و زمان معیّن!»,3.396
4051,038082,گفت: «به عزّتت سوگند، همه آنان را گمراه خواهم کرد،,5.695
4052,038083,مگر بندگان خالص تو، از میان آنها!»,3.866
4053,038084,فرمود: «به حق سوگند، و حق می‌گویم،,4.859
4056,038087,این (قرآن) تذکّری برای همه جهانیان است؛,4.65
4057,038088,و خبر آن را بعد از مدّتی می‌شنوید!,4.023
4069,039012,و مأمورم که نخستین مسلمان باشم!,4.075
4087,039030,تو می‌میری و آنها نیز خواهند مرد!,3.344
4134,040002,این کتابی است که از سوی خداوند قادر و دانا نازل شده است.,5.851
4224,041007,همانها که زکات را نمی‌پردازند، و آخرت را منکرند!,5.851
4273,042002,عسق.,3.187
4326,043002,سوگند به کتاب مبین (و روشنگر)،,2.821
4338,043014,و ما به سوی پروردگارمان بازمی‌گردیم!»,4.232
4351,043027,مگر آن کسی که مرا آفریده، که او هدایتم خواهد کرد!»,5.538
4391,043067,دوستان در آن روز دشمن یکدیگرند، مگر پرهیزگاران!,5.851
4393,043069,همان کسانی که به آیات ما ایمان آوردند و تسلیم بودند.,5.695
4398,043074,(ولی) مجرمان در عذاب دوزخ جاودانه می‌مانند.,5.486
4400,043076,ما به آنها ستم نکردیم، آنان خود ستمکار بودند!,5.068
4415,044002,سوگند به این کتاب روشنگر،,2.926
4422,044009,ولی آنها در شکند و (با حقایق) بازی می‌کنند.,5.747
4424,044011,که همه مردم را فرامی‌گیرد؛ این عذاب دردناکی است!,5.642
4439,044026,و زراعتها و قصرهای زیبا و گرانقیمت،,4.65
4440,044027,و نعمتهای فراوان دیگر که در آن (غرق) بودند!,4.389
4442,044029,نه آسمان بر آنان گریست و نه زمین، و نه به آنها مهلتی داده شد!,5.956
4444,044031,از فرعون که مردی متکبر و از اسرافکاران بود!,5.381
4447,044034,اینها [= مشرکان‌] می‌گویند:,3.553
4448,044035,«مرگ ما جز همان مرگ اول نیست و هرگز برانگیخته نخواهیم شد!,5.747
4453,044040,روز جدایی (حق از باطل) وعده‌گاه همه آنهاست!,5.59
4456,044043,مسلّماً درخت زقّوم...,3.082
4457,044044,غذای گنهکاران است،,2.247
4458,044045,همانند فلز گداخته در شکمها می‌جوشد؛,4.284
4459,044046,جوششی همچون آب سوزان!,3.187
4461,044048,سپس بر سر او از عذاب جوشان بریزید!,4.284
4463,044050,این همان چیزی است که پیوسته در آن تردید می‌کردید!,5.329
4464,044051,(ولی) پرهیزگاران در جایگاه امنی قرار دارند،,5.224
4465,044052,در میان باغها و چشمه‌ها؛,2.873
4474,045002,این کتاب از سوی خداوند عزیز و حکیم نازل شده است!,5.904
4479,045007,وای بر هر دروغگوی گنهکار...,3.344
4511,046002,این کتاب از سوی خداوند عزیز و حکیم نازل شده است!,5.59
4585,048003,و پیروزی شکست‌ناپذیری نصیب تو کند.,4.545
4639,050010,و نخلهای بلندقامت که میوه‌های متراکم دارند؛,5.224
4642,050013,و همچنین قوم عاد و فرعون و قوم لوط،,4.963
4669,050040,و در بخشی از شب او را تسبیح کن، و بعد از سجده‌ها!,5.59
4677,051003,و سوگند به کشتیهایی که به آسانی به حرکت درمی‌آیند،,5.799
4678,051004,و سوگند به فرشتگانی که کارها را تقسیم می‌کنند،,5.224
4679,051005,(آری سوگند به همه اینها) که آنچه به شما وعده شده قطعاً راست است؛,4.441
4680,051006,و بی‌شکّ (رستاخیز) و جزای اعمال واقع‌شدنی است!,5.068
4681,051007,قسم به آسمان که دارای چین و شکنهای زیباست،,5.486
4684,051010,کشته باد دروغگویان (و مرگ بر آنها)!,4.336
4685,051011,همانها که در جهل و غفلت فرو رفته‌اند،,3.605
4686,051012,و پیوسته سؤال می‌کنند: «روز جزا چه موقع است؟!»,5.381
4687,051013,(آری) همان روزی است که آنها را بر آتش می‌سوزانند!,5.486
4691,051017,آنها کمی از شب را می‌خوابیدند،,3.5
4692,051018,و در سحرگاهان استغفار می‌کردند،,3.657
4693,051019,و در اموال آنها حقّی برای سائل و محروم بود!,5.224
4694,051020,و در زمین آیاتی برای جویندگان یقین است،,5.486
4698,051024,آیا خبر مهمانهای بزرگوار ابراهیم به تو رسیده است؟,5.538
4705,051031,(ابراهیم) گفت: «مأموریت شما چیست ای فرستادگان (خدا)؟»,5.642
4706,051032,گفتند: «ما به سوی قوم مجرمی فرستاده شده‌ایم...,4.702
4707,051033,تا بارانی از «سنگ - گِل» بر آنها بفرستیم؛,4.963
4722,051048,و زمین را گستردیم، و چه خوب گستراننده‌ای هستیم!,5.59
4723,051049,و از هر چیز دو جفت آفریدیم، شاید متذکّر شوید!,5.747
4736,052002,و کتابی که نوشته شده،,2.456
4737,052003,در صفحه‌ای گسترده،,2.351
4738,052004,و سوگند به «بیت المعمور»،,2.717
4739,052005,و سقف برافراشته،,2.194
4740,052006,و دریای مملوّ و برافروخته،,3.5
4741,052007,که عذاب پروردگارت واقع می‌شود،,3.814
4742,052008,و چیزی از آن مانع نخواهد بود!,3.605
4744,052010,و کوه‌ها از جا کنده و متحرّک می‌شوند!,5.016
4745,052011,وای در آن روز بر تکذیب‌کنندگان،,4.284
4746,052012,همانها که در سخنان باطل به بازی مشغولند!,4.807
4749,052015,آیا این سحر است یا شما نمی‌بینید؟!,3.971
4764,052030,بلکه آنها می‌گویند: «او شاعری است که ما انتظار مرگش را می‌کشیم!»,5.956
4768,052034,اگر راست می‌گویند سخنی همانند آن بیاورند!,4.702
4769,052035,یا آنها بی هیچ آفریده شده‌اند، یا خود خالق خویشند؟!,5.642
4775,052041,آیا اسرار غیب نزد آنهاست و از روی آن می‌نویسند؟!,4.754
4786,053003,و هرگز از روی هوای نفس سخن نمی‌گوید!,4.702
4787,053004,آنچه می‌گوید چیزی جز وحی که بر او نازل شده نیست!,5.538
4789,053006,همان کس که توانایی فوق العاده دارد؛ او سلطه یافت...,5.538
4790,053007,در حالی که در اُفق اعلی قرار داشت!,4.075
4791,053008,سپس نزدیکتر و نزدیکتر شد...,3.448
4794,053011,قلب (پاک او) در آنچه دید هرگز دروغ نگفت.,4.963
4795,053012,آیا با او درباره آنچه (با چشم خود) دیده مجادله می‌کنید؟!,5.172
4796,053013,و بار دیگر نیز او را مشاهده کرد،,3.866
4797,053014,نزد «سدرة المنتهی»،,2.508
4798,053015,که «جنت المأوی» در آنجاست!,3.03
4801,053018,او پاره‌ای از آیات و نشانه‌های بزرگ پروردگارش را دید!,5.538
4802,053019,به من خبر دهید آیا بتهای «لات» و «عزّی»...,5.016
4803,053020,و «منات» که سوّمین آنهاست (دختران خدا هستند)؟!,5.068
4805,053022,در این صورت این تقسیمی ناعادلانه است!,3.971
4807,053024,یا آنچه انسان تمنّا دارد به آن می‌رسد؟!,3.971
4808,053025,در حالی که آخرت و دنیا از آن خداست!,4.545
4816,053033,آیا دیدی آن کس را که (از اسلام -یا انفاق-) روی گردان شد؟!,5.799
4817,053034,و کمی عطا کرد، و از بیشتر امساک نمود!,4.441
4818,053035,آیا نزد او علم غیب است و می‌بیند (که دیگران می‌توانند گناهان او را بر دوش گیرند)؟!,3.866
4819,053036,یا از آنچه در کتب موسی نازل گردیده با خبر نشده است؟!,5.277
4821,053038,که هیچ کس بار گناه دیگری را بر دوش نمی‌گیرد،,4.754
4822,053039,و اینکه برای انسان بهره‌ای جز سعی و کوشش او نیست،,5.956
4823,053040,و اینکه تلاش او بزودی دیده می‌شود،,3.814
4824,053041,سپس به او جزای کافی داده خواهد شد!,4.284
4826,053043,و اینکه اوست که خنداند و گریاند،,3.918
4827,053044,و اوست که میراند و زنده کرد،,3.866
4828,053045,و اوست که دو زوج نر و مادّه را آفرید...,4.441
4829,053046,از نطفه‌ای هنگامی که خارج می‌شود (و در رحم می‌ریزد)،,3.605
4832,053049,و اینکه اوست پروردگار ستاره «شعرا»!,4.598
4836,053053,و نیز شهرهای زیر و رو شده (قوم لوط) را فرو کوبید،,4.598
4837,053054,سپس آنها را با عذاب سنگین پوشانید!,4.336
4838,053055,(بگو:) در کدام یک از نعمتهای پروردگارت تردید داری؟!,5.433
4839,053056,این (پیامبر) بیم‌دهنده‌ای از بیم‌دهندگان پیشین است!,5.956
4840,053057,آنچه باید نزدیک شود، نزدیک شده است (و قیامت فرامی‌رسد)،,4.075
4841,053058,و هیچ کس جز خدا نمی‌تواند سختیهای آن را برطرف سازد!,5.747
4842,053059,آیا از این سخن تعجّب می‌کنید،,2.508
4843,053060,و می‌خندید و نمی‌گریید،,2.299
4844,053061,و پیوسته در غفلت و هوسرانی به سر می‌برید؟!,4.389
4861,054016,(اکنون بنگرید) عذاب و انذارهای من چگونه بود!,4.963
4866,054021,پس (ببینید) عذاب و انذارهای من چگونه بود!,5.329
4868,054023,طایفه ثمود (نیز) انذارهای الهی را تکذیب کردند،,5.747
4871,054026,ولی فردا می‌فهمند چه کسی دروغگوی هوسباز است!,5.172
4875,054030,پس (بنگرید) عذاب و انذارهای من چگونه بود!,5.016
4878,054033,قوم لوط انذارها(ی پی‌درپی پیامبرشان) را تکذیب کردند؛,4.127
4884,054039,(و گفتیم:) پس بچشید عذاب و انذارهای مرا!,4.859
4889,054044,یا می‌گویند: «ما جماعتی متحّد و نیرومند و پیروزیم»؟!,5.642
4892,054047,مجرمان در گمراهی و شعله‌های آتشند،,4.336
4894,054049,البته ما هر چیز را به اندازه آفریدیم!,4.807
4897,054052,و هر کاری را انجام دادند در نامه‌های اعمالشان ثبت است،,5.904
4898,054053,و هر کار کوچک و بزرگی نوشته شده است.,4.336
4902,055002,قرآن را تعلیم فرمود،,2.612
4903,055003,انسان را آفرید،,2.247
4904,055004,و به او «بیان» را آموخت.,2.926
4905,055005,خورشید و ماه با حساب منظّمی می‌گردند،,4.441
4906,055006,و گیاه و درخت برای او سجده می‌کنند!,4.023
4910,055010,زمین را برای خلایق آفرید،,3.082
4911,055011,که در آن میوه‌ها و نخلهای پرشکوفه است،,4.598
4914,055014,انسان را از گِل خشکیده‌ای همچون سفال آفرید،,5.12
4917,055017,او پروردگار دو مشرق و پروردگار دو مغرب است!,5.59
4918,055018,پس کدامین نعمتهای پروردگارتان را انکار می‌کنید؟!,5.329
4920,055020,در میان آن دو برزخی است که یکی بر دیگری غلبه نمی‌کند (و به هم نمی‌آمیزند)!,5.59
4921,055021,پس کدامین نعمتهای پروردگارتان را انکار می‌کنید؟!,5.381
4922,055022,از آن دو، لؤلؤ و مرجان خارج می‌شود.,3.918
4923,055023,پس کدامین نعمتهای پروردگارتان را انکار می‌کنید؟!,5.12
4925,055025,پس کدامین نعمتهای پروردگارتان را انکار می‌کنید؟!,5.904
4926,055026,همه کسانی که روی آن [= زمین‌] هستند فانی می‌شوند،,5.642
4932,055032,پس کدامین نعمتهای پروردگارتان را انکار می‌کنید؟!,5.486
4934,055034,پس کدامین نعمتهای پروردگارتان را انکار می‌کنید؟!,5.851
4938,055038,پس کدامین نعمتهای پروردگارتان را انکار می‌کنید؟!,5.747
4942,055042,پس کدامین نعمتهای پروردگارتان را انکار می‌کنید؟!,5.956
4943,055043,این همان دوزخی است که مجرمان آن را انکار می‌کردند!,5.224
4944,055044,امروز در میان آن و آب سوزان در رفت و آمدند!,5.799
4947,055047,پس کدامین نعمتهای پروردگارتان را انکار می‌کنید؟!,5.433
4949,055049,پس کدامین نعمتهای پروردگارتان را انکار می‌کنید؟!,5.799
4950,055050,در آنها دو چشمه همیشه جاری است!,3.709
4951,055051,پس کدامین نعمتهای پروردگارتان را انکار می‌کنید؟!,5.904
4953,055053,پس کدامین نعمتهای پروردگارتان را انکار می‌کنید؟!,5.799
4957,055057,پس کدامین نعمتهای پروردگارتان را انکار می‌کنید؟!,5.747
4958,055058,آنها همچون یاقوت و مرجانند!,3.814
4959,055059,پس کدامین نعمتهای پروردگارتان را انکار می‌کنید؟!,5.486
4960,055060,آیا جزای نیکی جز نیکی است؟!,3.814
4961,055061,پس کدامین نعمتهای پروردگارتان را انکار می‌کنید؟!,5.747
4962,055062,و پایین تر از آنها، دو باغ بهشتی دیگر است.,4.911
4963,055063,پس کدامین نعمتهای پروردگارتان را انکار می‌کنید؟!,5.59
4964,055064,هر دو خرّم و سرسبزند!,3.082
4965,055065,پس کدامین نعمتهای پروردگارتان را انکار می‌کنید؟!,5.59
4966,055066,در آنها دو چشمه جوشنده است!,3.866
4967,055067,پس کدامین نعمتهای پروردگارتان را انکار می‌کنید؟!,5.747
4968,055068,در آنها میوه‌های فراوان و درخت خرما و انار است!,5.904
4969,055069,پس کدامین نعمتهای پروردگارتان را انکار می‌کنید؟!,5.433
4971,055071,پس کدامین نعمتهای پروردگارتان را انکار می‌کنید؟!,5.799
4972,055072,حوریانی که در خیمه‌های بهشتی مستورند!,4.545
4973,055073,پس کدامین نعمتهای پروردگارتان را انکار می‌کنید؟!,5.799
4974,055074,هیچ انس و جنّ پیش از ایشان با آنها تماس نگرفته (و دوشیزه‌اند)!,5.12
4975,055075,پس کدامین نعمتهای پروردگارتان را انکار می‌کنید؟!,5.433
4980,056002,هیچ کس نمی‌تواند آن را انکار کند!,3.866
4982,056004,در آن هنگام که زمین بشدّت به لرزه درمی‌آید،,5.068
4983,056005,و کوه‌ها در هم کوبیده می‌شود،,3.239
4984,056006,و بصورت غبار پراکنده درمی‌آید،,3.866
4985,056007,و شما سه گروه خواهید بود!,3.918
4988,056010,و (سومین گروه) پیشگامان پیشگامند،,5.381
4989,056011,آنها مقرّبانند!,2.09
4990,056012,در باغهای پرنعمت بهشت (جای دارند)!,4.284
4991,056013,گروه زیادی (از آنها) از امّتهای نخستینند،,4.598
4992,056014,و اندکی از امّت آخرین!,2.926
4994,056016,در حالی که بر آن تکیه زده و رو به روی یکدیگرند!,5.381
4995,056017,نوجوانانی جاودان (در شکوه و طراوت) پیوسته گرداگرد آنان می‌گردند،,5.956
4998,056020,و میوه‌هایی از هر نوع که انتخاب کنند،,4.232
4999,056021,و گوشت پرنده از هر نوع که مایل باشند!,4.65
5000,056022,و همسرانی از حور العین دارند،,3.657
5001,056023,همچون مروارید در صدف پنهان!,3.5
5002,056024,اینها پاداشی است در برابر اعمالی که انجام می‌دادند!,5.538
5004,056026,تنها چیزی که می‌شنوند «سلام» است «سلام»!,5.381
5006,056028,آنها در سایه درختان «سِدر» بی‌خار قرار دارند،,5.747
5007,056029,و در سایه درخت «طلح» پربرگ [= درختی خوشرنگ و خوشبو]،,5.904
5008,056030,و سایه کشیده و گسترده،,2.821
5009,056031,و در کنار آبشارها،,2.456
5010,056032,و میوه‌های فراوان،,2.351
5011,056033,که هرگز قطع و ممنوع نمی‌شود،,3.814
5012,056034,و همسرانی بلندمرتبه!,2.612
5013,056035,ما آنها را آفرینش نوینی بخشیدیم،,4.232
5014,056036,و همه را دوشیزه قرار دادیم،,2.873
5016,056038,اینها همه برای اصحاب یمین است،,3.657
5017,056039,که گروهی از امّتهای نخستینند،,2.926
5018,056040,و گروهی از امّتهای آخرین!,3.135
5021,056043,و در سایه دودهای متراکم و آتشزا!,3.762
5022,056044,سایه‌ای که نه خنک است و نه آرامبخش!,4.65
5024,056046,و بر گناهان بزرگ اصرار می‌ورزیدند،,4.389
5026,056048,یا نیاکان نخستین ما (برانگیخته می‌شوند)؟!»,4.493
5027,056049,بگو: «اوّلین و آخرین،,3.448
5028,056050,همگی در موعد روز معیّنی گردآوری می‌شوند،,5.486
5029,056051,سپس شما ای گمراهان تکذیب‌کننده!,4.336
5030,056052,قطعاً از درخت زقّوم می‌خورید،,3.553
5031,056053,و شکمها را از آن پر می‌کنید،,3.187
5032,056054,و روی آن از آب سوزان می‌نوشید،,3.814
5034,056056,این است وسیله پذیرایی از آنها در قیامت!,4.963
5036,056058,آیا از نطفه‌ای که در رحم می‌ریزید آگاهید؟!,4.545
5037,056059,آیا شما آن را (در دوران جنینی) آفرینش (پی در پی) می‌دهید یا ما آفریدگاریم؟!,5.799
5041,056063,آیا هیچ درباره آنچه کشت می‌کنید اندیشیده‌اید؟!,5.277
5042,056064,آیا شما آن را می‌رویانید یا ما می‌رویانیم؟!,4.493
5044,056066,(بگونه‌ای که بگویید:) براستی ما زیان کرده‌ایم،,4.389
5045,056067,بلکه ما بکلّی محرومیم!,2.978
5046,056068,آیا به آبی که می‌نوشید اندیشیده‌اید؟!,4.389
5049,056071,آیا درباره آتشی که می‌افروزید فکر کرده‌اید؟!,4.807
5050,056072,آیا شما درخت آن را آفریده‌اید یا ما آفریده‌ایم؟!,5.016
5054,056076,و این سوگندی است بسیار بزرگ، اگر بدانید!,5.329
5055,056077,که آن، قرآن کریمی است،,3.344
5056,056078,که در کتاب محفوظی جای دارد،,3.605
5057,056079,و جز پاکان نمی‌توانند به آن دست زنند [= دست یابند].,4.754
5058,056080,آن از سوی پروردگار عالمیان نازل شده؛,4.545
5059,056081,آیا این سخن را [= این قرآن را با اوصافی که گفته شد] سست و کوچک می‌شمرید،,4.389
5063,056085,و ما از شما به او نزدیکتریم ولی نمی‌بینید!,5.747
5065,056087,پس آن (روح) را بازگردانید اگر راست می‌گویید!,4.441
5066,056088,پس اگر او از مقرّبان باشد،,3.448
5067,056089,در رَوح و ریحان و بهشت پرنعمت است!,4.336
5068,056090,امّا اگر از اصحاب یمین باشد،,4.075
5070,056092,امّا اگر او از تکذیب‌کنندگان گمراه باشد،,5.224
5071,056093,با آب جوشان دوزخ از او پذیرایی می‌شوید!,5.016
5072,056094,و سرنوشت او ورود در آتش جهنّم است،,4.493
5073,056095,این مطلب حقّ و یقین است!,3.187
5272,068002,که به نعمت پروردگارت تو مجنون نیستی،,4.702
5273,068003,و برای تو پاداشی عظیم و همیشگی است!,4.441
5274,068004,و تو اخلاق عظیم و برجسته‌ای داری!,4.023
5275,068005,و بزودی تو می‌بینی و آنان نیز می‌بینند،,4.336
5276,068006,که کدام یک از شما مجنونند!,3.082
5278,068008,حال که چنین است از تکذیب‌کنندگان اطاعت مکن!,5.277
5288,068018,و هیچ از آن استثنا نکنند؛,3.03
5290,068020,و آن باغ سرسبز همچون شب سیاه و ظلمانی شد!,5.695
5291,068021,صبحگاهان یکدیگر را صدا زدند،,3.605
5293,068023,آنها حرکت کردند در حالی که آهسته با هم می‌گفتند:»,5.538
5294,068024,«مواظب باشید امروز حتی یک فقیر وارد بر شما نشود!»,5.486
5297,068027,(آری، همه چیز از دست ما رفته) بلکه ما محرومیم!»,5.904
5300,068030,سپس رو به یکدیگر کرده به ملامت هم پرداختند،,5.59
5305,068035,آیا مؤمنان را همچون مجرمان قرار می‌دهیم؟!,4.232
5306,068036,شما را چه می‌شود؟! چگونه داوری می‌کنید؟!,4.441
5307,068037,آیا کتابی دارید که از آن درس می‌خوانید...,3.605
5308,068038,که آنچه را شما انتخاب می‌کنید از آن شماست؟!,4.389
5317,068047,یا اسرار غیب نزد آنهاست و آن را می‌نویسند (و به یکدیگر می‌دهند)؟!,4.545
5320,068050,ولی پروردگارش او را برگزید و از صالحان قرار داد!,5.851
5324,069002,چه روز واقع شدنی!,2.299
5325,069003,و تو چه می‌دانی آن روز واقع شدنی چیست؟!,4.441
5327,069005,امّا قوم «ثمود» با عذابی سرکش هلاک شدند!,5.642
5330,069008,آیا کسی از آنها را باقی می‌بینی؟!,4.545
5335,069013,به محض اینکه یک بار در «صور» دمیده شود،,4.232
5337,069015,در آن روز «واقعه عظیم» روی می‌دهد،,4.545
5344,069022,در بهشتی عالی،,2.194
5345,069023,که میوه هایش در دسترس است!,2.769
5348,069026,و نمی‌دانستم حساب من چیست!,3.187
5349,069027,ای کاش مرگم فرا می‌رسید!,3.396
5350,069028,مال و ثروتم هرگز مرا بی‌نیاز نکرد،,4.493
5351,069029,قدرت من نیز از دست رفت!»,3.239
5352,069030,او را بگیرید و دربند و زنجیرش کنید!,4.598
5353,069031,سپس او را در دوزخ بیفکنید!,3.396
5354,069032,بعد او را به زنجیری که هفتاد ذراع است ببندید؛,5.851
5355,069033,چرا که او هرگز به خداوند بزرگ ایمان نمی‌آورد،,5.329
5358,069036,و نه طعامی، جز از چرک و خون!,4.127
5359,069037,غذایی که جز خطاکاران آن را نمی‌خورند!,4.65
5360,069038,سوگند به آنچه می‌بینید،,2.926
5361,069039,و آنچه نمی‌بینید،,2.247
5362,069040,که این قرآن گفتار رسول بزرگواری است،,4.702
5363,069041,و گفته شاعری نیست، امّا کمتر ایمان می‌آورید!,5.381
5364,069042,و نه گفته کاهنی، هر چند کمتر متذکّر می‌شوید!,5.799
5365,069043,کلامی است که از سوی پروردگار عالمیان نازل شده است!,5.59
5366,069044,اگر او سخنی دروغ بر ما می‌بست،,4.075
5367,069045,ما او را با قدرت می‌گرفتیم،,2.978
5368,069046,سپس رگ قلبش را قطع می‌کردیم،,4.127
5370,069048,و آن مسلّماً تذکری برای پرهیزگاران است!,5.433
5372,069050,و آن مایه حسرت کافران است!,3.709
5373,069051,و آن یقین خالص است!,3.396
5379,070005,پس صبر جمیل پیشه کن،,3.135
5380,070006,زیرا آنها آن روز را دور می‌بینند،,4.023
5381,070007,و ما آن را نزدیک می‌بینیم!,2.56
5382,070008,همان روز که آسمان همچون فلز گداخته می‌شود،,5.224
5383,070009,و کوه‌ها مانند پشم رنگین متلاشی خواهد بود،,5.433
5384,070010,و هیچ دوست صمیمی سراغ دوستش را نمی‌گیرد!,5.486
5386,070012,و همسر و برادرش را،,2.247
5387,070013,و قبیله‌اش را که همیشه از او حمایت می‌کرد،,4.702
5388,070014,و همه مردم روی زمین را تا مایه نجاتش گردند؛,5.642
5390,070016,دست و پا و پوست سر را می‌کند و می‌برد!,4.441
5391,070017,و کسانی را که به فرمان خدا پشت کردند صدا می‌زند،,5.904
5392,070018,و (همچنین آنها که) اموال را جمع و ذخیره کردند!,5.59
5393,070019,به یقین انسان حریص و کم‌طاقت آفریده شده است،,5.277
5394,070020,هنگامی که بدی به او رسد بیتابی می‌کند،,4.598
5395,070021,و هنگامی که خوبی به او رسد مانع دیگران می‌شود (و بخل می‌ورزد)،,4.963
5396,070022,مگر نمازگزاران،,2.299
5397,070023,آنها که نمازها را پیوسته بجا می‌آورند،,5.068
5398,070024,و آنها که در اموالشان حق معلومی است...,4.023
5399,070025,برای تقاضاکننده و محروم،,3.239
5400,070026,و آنها که به روز جزا ایمان دارند،,4.127
5401,070027,و آنها که از عذاب پروردگارشان بیمناکند،,5.016
5402,070028,چرا که هیچ کس از عذاب پروردگارش در امان نیست،,5.851
5405,070031,و هر کس جز اینها را طلب کند، متجاوز است!,5.172
5406,070032,و آنها که امانتها و عهد خود را رعایت می‌کنند،,5.224
5407,070033,و آنها که با ادای شهادتشان قیام می‌نمایند،,4.807
5408,070034,و آنها که بر نماز مواظبت دارند،,4.598
5409,070035,آنان در باغهای بهشتی (پذیرایی و) گرامی داشته می‌شوند.,5.642
5410,070036,این کافران را چه می‌شود که با سرعت نزد تو می‌آیند...,5.277
5411,070037,از راست و چپ، گروه گروه (و آرزوی بهشت دارند)!,5.851
5424,071006,امّا دعوت من چیزی جز فرار از حقّ بر آنان نیفزود!,5.642
5426,071008,سپس من آنها را با صدای بلند (به اطاعت فرمان تو) دعوت کردم،,4.859
5431,071013,چرا شما برای خدا عظمت قائل نیستید؟!,4.963
5438,071020,تا از راههای وسیع و دره‌های آن بگذرید (و به هر جا می‌خواهید بروید)!»,4.754
5440,071022,و (این رهبران گمراه) مکر عظیمی به کار بردند...,5.224
5461,072015,و امّا ظالمان آتشگیره و هیزم دوزخند!,5.799
5476,073002,شب را، جز کمی، بپاخیز!,3.135
5477,073003,نیمی از شب را، یا کمی از آن کم کن،,4.598
5481,073007,و تو در روز تلاش مستمر و طولانی خواهی داشت!,5.12
5482,073008,و نام پروردگارت را یاد کن و تنها به او دل ببند!,5.851
5486,073012,که نزد ما غل و زنجیرها و (آتش) دوزخ است،,4.754
5487,073013,و غذایی گلوگیر، و عذابی دردناک،,4.598
5496,074002,برخیز و انذار کن (و عالمیان را بیم ده)،,2.456
5497,074003,و پروردگارت را بزرگ بشمار،,3.5
5498,074004,و لباست را پاک کن،,2.56
5499,074005,و از پلیدی دوری کن،,3.03
5500,074006,و منّت مگذار و فزونی مطلب،,4.284
5501,074007,و بخاطر پروردگارت شکیبایی کن!,4.284
5502,074008,هنگامی که در «صور» دمیده شود،,3.135
5503,074009,آن روز، روز سختی است،,2.926
5504,074010,و برای کافران آسان نیست!,3.239
5506,074012,همان کسی که برای او مال گسترده‌ای قرار دادم،,4.598
5507,074013,و فرزندانی که همواره نزد او (و در خدمت او) هستند،,4.023
5508,074014,و وسایل زندگی را از هر نظر برای وی فراهم ساختم!,5.538
5509,074015,باز هم طمع دارد که بر او بیفزایم!,3.605
5515,074021,سپس نگاهی افکند،,2.456
5516,074022,بعد چهره درهم کشید و عجولانه دست به کار شد؛,4.754
5517,074023,سپس پشت (به حقّ) کرد و تکبّر ورزید،,4.598
5519,074025,این فقط سخن انسان است (نه گفتار خدا)!»,4.075
5520,074026,(امّا) بزودی او را وارد سَقَر [= دوزخ‌] می‌کنم!,5.642
5521,074027,و تو نمی‌دانی «سقر» چیست!,2.717
5523,074029,پوست تن را بکلّی دگرگون می‌کند!,4.023
5526,074032,اینچنین نیست که آنها تصوّر می‌کنند سوگند به ماه،,3.866
5527,074033,و به شب، هنگامی که (دامن برچیند و) پشت کند،,5.016
5528,074034,و به صبح هنگامی که چهره بگشاید،,4.075
5529,074035,که آن (حوادث هولناک قیامت) از مسائل مهم است!,5.851
5530,074036,هشدار و انذاری است برای همه انسانها،,4.232
5532,074038,(آری) هر کس در گرو اعمال خویش است،,4.075
5534,074040,آنها در باغهای بهشتند، و سؤال می‌کنند...,5.172
5535,074041,از مجرمان:,1.463
5536,074042,چه چیز شما را به دوزخ وارد ساخت؟!»,2.978
5537,074043,می‌گویند: «ما از نمازگزاران نبودیم،,4.232
5538,074044,و اطعام مستمند نمی‌کردیم،,3.03
5539,074045,و پیوسته با اهل باطل همنشین و همصدا بودیم،,4.702
5540,074046,و همواره روز جزا را انکار می‌کردیم،,3.866
5541,074047,تا زمانی که مرگ ما فرا رسید!»,3.187
5543,074049,چرا آنها از تذکّر روی گردانند؟!,3.709
5544,074050,گویی گورخرانی رمیده‌اند،,3.448
5545,074051,که از (مقابل) شیری فرار کرده‌اند!,3.344
5547,074053,چنین نیست که آنان می‌گویند، بلکه آنها از آخرت نمی‌ترسند!,4.963
5548,074054,چنین نیست که آنها می‌گویند، آن (قرآن) یک تذکّر و یادآوری است!,5.538
5549,074055,هر کس بخواهد از آن پند می‌گیرد؛,3.814
5556,075006,(از این رو) می‌پرسد: «قیامت کی خواهد بود»!,4.389
5558,075008,و ماه بی‌نور گردد،,2.717
5559,075009,و خورشید و ماه یک جا جمع شوند،,4.023
5560,075010,آن روز انسان می‌گوید: «راه فرار کجاست؟!»,4.911
5562,075012,آن روز قرارگاه نهایی تنها بسوی پروردگار تو است؛,5.956
5564,075014,بلکه انسان خودش از وضع خود آگاه است،,4.232
5565,075015,هر چند (در ظاهر) برای خود عذرهایی بتراشد!,3.918
5567,075017,چرا که جمع‌کردن و خواندن آن بر عهده ماست!,4.598
5568,075018,پس هر گاه آن را خواندیم، از خواندن آن پیروی کن!,5.486
5569,075019,سپس بیان و (توضیح) آن (نیز) بر عهده ماست!,5.538
5571,075021,و آخرت را رها می‌کنید!,2.821
5572,075022,(آری) در آن روز صورتهایی شاداب و مسرور است،,5.381
5573,075023,و به پروردگارش می‌نگرد!,2.456
5574,075024,و در آن روز صورتهایی عبوس و در هم کشیده است،,4.807
5578,075028,و به جدائی از دنیا یقین پیدا کند،,3.762
5579,075029,و ساق پاها (از سختی جان‌دادن) به هم بپیچد!,5.329
5582,075032,بلکه تکذیب کرد و روی‌گردان شد،,3.03
5586,075036,آیا انسان گمان می‌کند بی‌هدف رها می‌شود؟!,4.232
5587,075037,آیا او نطفه‌ای از منی که در رحم ریخته می‌شود نبود؟!,5.904
5589,075039,و از او دو زوج مرد و زن آفرید!,4.232
5590,075040,آیا چنین کسی قادر نیست که مردگان را زنده کند؟!,5.851
5608,076018,از چشمه‌ای در بهشت که نامش سلسبیل است!,4.441
5613,076023,مسلّماً ما قرآن را بر تو نازل کردیم!,4.441
5623,077002,و آنها که همچون تند باد حرکت می‌کنند،,4.127
5624,077003,و سوگند به آنها که (ابرها را) می‌گسترانند،,5.433
5625,077004,و آنها که جدا می‌کنند،,3.082
5627,077006,برای اتمام حجّت یا برای انذار،,4.441
5629,077008,در آن هنگام که ستارگان محو و تاریک شوند،,5.224
5630,077009,و (کرات) آسمان از هم بشکافند،,4.336
5631,077010,و در آن زمان که کوه‌ها از جا کنده شوند،,4.598
5633,077012,(این امر) برای چه روزی به تأخیر افتاده؟,3.866
5634,077013,برای روز جدایی (حق از باطل)!,2.09
5635,077014,تو چه می‌دانی روز جدایی چیست!,3.03
5636,077015,وای در آن روز بر تکذیب‌کنندگان!,4.18
5637,077016,آیا ما اقوام (مجرم) نخستین را هلاک نکردیم؟!,4.859
5638,077017,سپس دیگر (مجرمان) را به دنبال آنها می‌فرستیم!,5.224
5639,077018,(آری) این گونه با مجرمان رفتار می‌کنیم!,4.075
5640,077019,وای در آن روز بر تکذیب‌کنندگان!,4.284
5641,077020,آیا شما را از آبی پست و ناچیز نیافریدیم،,4.963
5642,077021,سپس آن را در قرارگاهی محفوظ و آماده قرار دادیم،,5.59
5643,077022,تا مدّتی معیّن؟!,2.299
5645,077024,وای در آن روز بر تکذیب‌کنندگان!,4.284
5646,077025,آیا زمین را مرکز اجتماع انسانها قرار ندادیم،,5.329
5647,077026,هم در حال حیاتشان و هم مرگشان؟!,3.709
5649,077028,وای در آن روز بر تکذیب‌کنندگان!,4.18
5653,077032,شراره‌هایی از خود پرتاب می‌کند مانند یک کاخ!,4.963
5655,077034,وای در آن روز بر تکذیب‌کنندگان!,4.075
5656,077035,امروز روزی است که سخن نمی‌گویند (و قادر بر دفاع از خویشتن نیستند)،,3.971
5657,077036,و به آنها اجازه داده نمی‌شود که عذرخواهی کنند!,4.807
5658,077037,وای در آن روز بر تکذیب‌کنندگان!,4.127
5660,077039,اگر چاره‌ای در برابر من (برای فرار از چنگال مجازات) دارید انجام دهید!,4.598
5661,077040,وای در آن روز بر تکذیب‌کنندگان!,4.18
5663,077042,و میوه‌هایی از آنچه مایل باشند!,4.023
5665,077044,ما این گونه نیکوکاران را پاداش می‌دهیم!,4.441
5666,077045,وای در آن روز بر تکذیب‌کنندگان!,4.127
5668,077047,وای در آن روز بر تکذیب‌کنندگان!,4.127
5670,077049,وای در آن روز بر تکذیب‌کنندگان!,4.127
5673,078002,از خبر بزرگ و پراهمیّت (رستاخیز)!,2.717
5674,078003,همان خبری که پیوسته در آن اختلاف دارند!,4.18
5675,078004,چنین نیست که آنها فکر می‌کنند، و بزودی می‌فهمند!,5.59
5677,078006,آیا زمین را محل آرامش (شما) قرار ندادیم؟!,4.702
5678,078007,و کوه‌ها را میخهای زمین؟!,3.135
5679,078008,و شما را بصورت زوجها آفریدیم!,3.866
5680,078009,و خواب شما را مایه آرامشتان قرار دادیم،,4.65
5681,078010,و شب را پوششی (برای شما)،,2.247
5682,078011,و روز را وسیله‌ای برای زندگی و معاش!,4.493
5683,078012,و بر فراز شما هفت (آسمان) محکم بنا کردیم!,5.747
5684,078013,و چراغی روشن و حرارت‌بخش آفریدیم!,4.336
5685,078014,و از ابرهای باران‌زا آبی فراوان نازل کردیم،,5.329
5686,078015,تا بوسیله آن دانه و گیاه بسیار برویانیم،,5.172
5687,078016,و باغهایی پردرخت!,2.508
5688,078017,(آری) روز جدایی، میعاد همگان است!,5.12
5692,078021,مسلّماً (در آن روز) جهنّم کمینگاهی است بزرگ،,5.59
5693,078022,و محل بازگشتی برای طغیانگران!,4.023
5694,078023,مدّتهای طولانی در آن می‌مانند!,3.448
5696,078025,جز آبی سوزان و مایعی از چرک و خون!,4.598
5697,078026,این مجازاتی است موافق و مناسب (اعمالشان)!,4.859
5698,078027,چرا که آنها هیچ امیدی به حساب نداشتند،,4.493
5699,078028,و آیات ما را بکلی تکذیب کردند!,3.971
5700,078029,و ما همه چیز را شمارش و ثبت کرده‌ایم!,4.493
5701,078030,پس بچشید که چیزی جز عذاب بر شما نمی‌افزاییم!,5.851
5703,078032,باغهایی سرسبز، و انواع انگورها،,4.493
5704,078033,و حوریانی بسیار جوان و هم‌سن و سال،,4.18
5705,078034,و جامهایی لبریز و پیاپی (از شراب طهور)!,5.172
5706,078035,در آنجا نه سخن لغو و بیهوده‌ای می‌شنوند و نه دروغی!,5.904
5707,078036,این کیفری است از سوی پروردگارت و عطیه‌ای است کافی!,5.904
5715,079004,و سپس بر یکدیگر سبقت می‌گیرند،,3.605
5716,079005,و آنها که امور را تدبیر می‌کنند!,3.553
5719,079008,دلهایی در آن روز سخت مضطرب است،,3.918
5720,079009,و چشمهای آنان از شدّت ترس فروافتاده است!,5.12
5722,079011,آیا هنگامی که استخوانهای پوسیده‌ای شدیم (ممکن است زنده شویم)؟!»,5.904
5725,079014,ناگهان همگی بر عرصه زمین ظاهر می‌گردند!,5.068
5726,079015,آیا داستان موسی به تو رسیده است؟!,3.709
5728,079017,به سوی فرعون برو که طغیان کرده است!,3.709
5729,079018,و به او بگو: «آیا می‌خواهی پاکیزه شوی؟!,4.545
5731,079020,سپس موسی بزرگترین معجزه را به او نشان داد!,5.277
5732,079021,امّا او تکذیب و عصیان کرد!,3.344
5734,079023,و ساحران را جمع کرد و مردم را دعوت نمود،,4.754
5735,079024,و گفت: «من پروردگار برتر شما هستم!»,5.381
5737,079026,در این عبرتی است برای کسی که (از خدا) بترسد!,5.538
5739,079028,سقف آن را برافراشت و آن را منظّم ساخت،,4.493
5740,079029,و شبش را تاریک و روزش را آشکار نمود!,4.65
5741,079030,و زمین را بعد از آن گسترش داد،,3.866
5742,079031,و از آن آب و چراگاهش را بیرون آورد،,4.598
5743,079032,و کوه‌ها را ثابت و محکم نمود!,3.971
5745,079034,هنگامی که آن حادثه بزرگ رخ دهد،,3.657
5746,079035,در آن روز انسان به یاد کوششهایش می‌افتد،,4.702
5747,079036,و جهنّم برای هر بیننده‌ای آشکار می‌گردد،,5.224
5748,079037,امّا آن کسی که طغیان کرده،,3.605
5749,079038,و زندگی دنیا را مقدّم داشته،,3.605
5750,079039,مسلّماً دوزخ جایگاه اوست!,3.709
5752,079041,قطعاً بهشت جایگاه اوست!,3.03
5754,079043,تو را با یادآوری این سخن چه کار؟!,3.396
5755,079044,نهایت آن به سوی پروردگار تو است (و هیچ کس جز خدا از زمانش آگاه نیست)!,4.284
5756,079045,کار تو فقط بیم‌دادن کسانی است که از آن می‌ترسند!,5.068
5759,080002,از اینکه نابینایی به سراغ او آمده بود!,5.12
5760,080003,تو چه می‌دانی شاید او پاکی و تقوا پیشه کند،,5.695
5762,080005,امّا آن کس که توانگر است،,2.873
5763,080006,تو به او روی می‌آوری،,2.299
5764,080007,در حالی که اگر او خود را پاک نسازد، چیزی بر تو نیست!,5.486
5765,080008,امّا کسی که به سراغ تو می‌آید و کوشش می‌کند،,5.068
5766,080009,و از خدا ترسان است،,2.194
5767,080010,تو از او غافل می‌شوی!,2.194
5769,080012,و هر کس بخواهد از آن پند می‌گیرد!,3.971
5770,080013,در الواح پرارزشی ثبت است،,3.135
5771,080014,الواحی والاقدر و پاکیزه،,3.187
5772,080015,به دست سفیرانی است‌,2.09
5773,080016,والا مقام و فرمانبردار و نیکوکار!,4.336
5774,080017,مرگ بر این انسان، چقدر کافر و ناسپاس است!,5.068
5775,080018,(خداوند) او را از چه چیز آفریده است؟!,3.605
5777,080020,سپس راه را برای او آسان کرد،,3.866
5778,080021,بعد او را میراند و در قبر پنهان نمود،,4.911
5779,080022,سپس هرگاه بخواهد او را زنده می‌کند!,4.545
5782,080025,ما آب فراوان از آسمان فرو ریختیم،,4.545
5783,080026,سپس زمین را از هم شکافتیم،,3.448
5784,080027,و در آن دانه‌های فراوانی رویاندیم،,4.023
5785,080028,و انگور و سبزی بسیار،,2.873
5786,080029,و زیتون و نخل فراوان،,2.769
5787,080030,و باغهای پردرخت،,2.403
5788,080031,و میوه و چراگاه،,2.299
5791,080034,در آن روز که انسان از برادر خود می‌گریزد،,4.232
5792,080035,و از مادر و پدرش،,2.09
5793,080036,و زن و فرزندانش؛,2.299
5795,080038,چهره‌هائی در آن روز گشاده و نورانی است،,4.284
5796,080039,خندان و مسرور است؛,2.09
5797,080040,و صورتهایی در آن روز غبارآلود است،,3.814
5798,080041,و دود تاریکی آنها را پوشانده است،,4.023
5799,080042,آنان همان کافران فاجرند!,3.605
5801,081002,و در آن هنگام که ستارگان بی‌فروغ شوند،,5.12
5802,081003,و در آن هنگام که کوه‌ها به حرکت درآیند،,5.224
5804,081005,و در آن هنگام که وحوش جمع شوند،,4.284
5805,081006,و در آن هنگام که دریاها برافروخته شوند،,5.068
5806,081007,و در آن هنگام که هر کس با همسان خود قرین گردد،,5.851
5808,081009,به کدامین گناه کشته شدند؟!,3.135
5809,081010,و در آن هنگام که نامه‌های اعمال گشوده شود،,4.441
5810,081011,و در آن هنگام که پرده از روی آسمان برگرفته شود،,5.747
5811,081012,و در آن هنگام که دوزخ شعله‌ور گردد،,4.545
5812,081013,و در آن هنگام که بهشت نزدیک شود،,3.866
5814,081015,سوگند به ستارگانی که بازمی‌گردند،,3.814
5815,081016,حرکت می‌کنند و از دیده‌ها پنهان می‌شوند،,4.702
5816,081017,و قسم به شب، هنگامی که پشت کند و به آخر رسد،,5.59
5817,081018,و به صبح، هنگامی که تنفّس کند،,4.18
5820,081021,در آسمانها مورد اطاعت (فرشتگان) و امین است!,5.59
5821,081022,و مصاحب شما [= پیامبر] دیوانه نیست!,4.963
5822,081023,او (جبرئیل) را در اُفق روشن دیده است!,4.441
5824,081025,این (قرآن) گفته شیطان رجیم نیست!,4.336
5825,081026,پس به کجا می‌روید؟!,2.142
5826,081027,این قرآن چیزی جز تذکّری برای جهانیان نیست،,5.068
5827,081028,برای کسی از شما که بخواهد راه مستقیم در پیش گیرد!,5.381
5830,082002,و آن زمان که ستارگان پراکنده شوند و فرو ریزند،,5.538
5831,082003,و آن زمان که دریاها به هم پیوسته شود،,4.598
5836,082008,و در هر صورتی که خواست تو را ترکیب نمود.,4.127
5838,082010,و بی‌شک نگاهبانانی بر شما گمارده شده...,4.598
5839,082011,والا مقام و نویسنده (اعمال نیک و بد شما)،,5.016
5840,082012,که می‌دانند شما چه می‌کنید!,3.239
5841,082013,به یقین نیکان در نعمتی فراوانند.,3.918
5842,082014,و بدکاران در دوزخند،,2.873
5843,082015,روز جزا وارد آن می‌شوند و می‌سوزند،,4.232
5844,082016,و آنان هرگز از آن غایب و دور نیستند!,4.336
5845,082017,تو چه می‌دانی روز جزا چیست؟!,3.239
5846,082018,باز چه می‌دانی روز جزا چیست؟!,3.971
5851,083004,آیا آنها گمان نمی‌کنند که برانگیخته می‌شوند،,4.911
5852,083005,در روزی بزرگ؛,2.09
5855,083008,تو چه می‌دانی «سجّین» چیست؟,2.664
5856,083009,نامه‌ای است رقم زده شده و سرنوشتی است حتمی!,4.754
5857,083010,وای در آن روز بر تکذیب‌کنندگان!,4.127
5858,083011,همانها که روز جزا را انکار می‌کنند.,4.075
5859,083012,تنها کسی آن را انکار می‌کند که متجاوز و گنهکار است!,5.642
5863,083016,سپس آنها به یقین وارد دوزخ می‌شوند!,5.277
5866,083019,و تو چه می‌دانی «علیّین» چیست!,3.03
5867,083020,نامه‌ای است رقم‌خورده و سرنوشتی است قطعی،,4.441
5868,083021,که مقربان شاهد آنند!,3.187
5869,083022,مسلّماً نیکان در انواع نعمت‌اند:,4.284
5874,083027,این شراب (طهور) آمیخته با «تسنیم» است،,3.971
5875,083028,همان چشمه‌ای که مقرّبان از آن می‌نوشند.,3.918
5876,083029,بدکاران (در دنیا) پیوسته به مؤمنان می‌خندیدند،,5.329
5881,083034,ولی امروز مؤمنان به کفار می‌خندند،,4.18
5886,084003,و در آن هنگام که زمین گسترده شود،,3.657
5887,084004,و آنچه در درون دارد بیرون افکنده و خالی شود،,5.068
5890,084007,پس کسی که نامه اعمالش به دست راستش داده شود،,5.224
5891,084008,بزودی حساب آسانی برای او می‌شود،,4.336
5892,084009,و خوشحال به اهل و خانواده‌اش بازمی‌گردد.,4.807
5894,084011,بزودی فریاد می‌زند وای بر من که هلاک شدم!,5.642
5895,084012,و در شعله‌های سوزان آتش می‌سوزد.,4.284
5897,084014,او گمان می‌کرد هرگز بازگشت نمی‌کند!,4.493
5898,084015,آری، پروردگارش نسبت به او بینا بود (و اعمالش را برای حساب ثبت کرد)!,5.12
5899,084016,سوگند به شفق،,2.299
5900,084017,و سوگند به شب و آنچه را جمع‌آوری می‌کند،,4.493
5901,084018,و سوگند به ماه آنگاه که بَدر کامل می‌شود،,5.538
5903,084020,پس چرا آنان ایمان نمی‌آورند؟!,3.866
5904,084021,و هنگامی که قرآن بر آنها خوانده می‌شود سجده نمی‌کنند؟!,5.433
5905,084022,بلکه کافران پیوسته آیات الهی را انکار می‌کنند!,5.486
5907,084024,پس آنها را به عذابی دردناک بشارت ده!,5.277
5910,085002,و سوگند به آن روز موعود،,3.03
5911,085003,و سوگند به «شاهد» و «مشهود»! [«شاهد»: پیامبر و گواهان اعمال، و «مشهود» : اعمال امّت است‌],3.605
5912,085004,مرگ بر شکنجه‌گران صاحب گودال (آتش)،,4.754
5913,085005,آتشی عظیم و شعله‌ور!,2.56
5914,085006,هنگامی که در کنار آن نشسته بودند،,3.135
5921,085013,اوست که آفرینش را آغاز می‌کند و بازمی‌گرداند،,5.904
5922,085014,و او آمرزنده و دوستدار (مؤمنان) است،,4.911
5923,085015,صاحب عرش و دارای مجد و عظمت است،,4.598
5924,085016,و آنچه را می‌خواهد انجام می‌دهد!,3.762
5925,085017,آیا داستان لشکرها به تو رسیده است،,4.232
5926,085018,لشکریان فرعون و ثمود؟!,2.769
5927,085019,ولی کافران پیوسته در تکذیب حقند،,4.389
5928,085020,و خداوند به همه آنها احاطه دارد!,4.127
5930,085022,که در لوح محفوظ جای دارد!,4.023
5932,086002,و تو نمی‌دانی کوبنده شب چیست!,3.605
5933,086003,همان ستاره درخشان و شکافنده تاریکیهاست!,5.642
5935,086005,انسان باید بنگرد که از چه چیز آفریده شده است!,5.016
5936,086006,از یک آب جهنده آفریده شده است،,3.448
5937,086007,آبی که از میان پشت و سینه‌ها خارج می‌شود!,5.068
5939,086009,در آن روز که اسرار نهان (انسان) آشکار میشود،,5.172
5940,086010,و برای او هیچ نیرو و یاوری نیست!,4.441
5941,086011,سوگند به آسمان پرباران،,3.396
5942,086012,و سوگند به زمین پرشکاف (که گیاهان از آن سر برمی‌آورند)،,3.814
5943,086013,که این (قرآن) سخنی است که حقّ را از باطل جدا می‌کند،,5.224
5944,086014,و هرگز شوخی نیست!,2.456
5945,086015,آنها پیوسته حیله می‌کنند،,3.396
5946,086016,و من هم در برابر آنها چاره می‌کنم!,3.762
5949,087002,همان خداوندی که آفرید و منظم کرد،,4.493
5950,087003,و همان که اندازه‌گیری کرد و هدایت نمود،,4.18
5951,087004,و آن کس را که چراگاه را به وجود آورد،,4.127
5952,087005,سپس آن را خشک و تیره قرار داد!,3.866
5955,087008,و ما تو را برای انجام هر کار خیر آماده می‌کنیم!,5.695
5956,087009,پس تذکّر ده اگر تذکّر مفید باشد!,4.963
5957,087010,و بزودی کسی که از خدا می‌ترسد متذکّر می‌شود.,5.486
5958,087011,امّا بدبخت‌ترین افراد از آن دوری می‌گزیند،,5.851
5959,087012,همان کسی که در آتش بزرگ وارد می‌شود،,4.075
5960,087013,سپس در آن آتش نه می‌میرد و نه زنده می‌شود!,5.538
5961,087014,به یقین کسی که پاکی جست (و خود را تزکیه کرد)، رستگار شد.,5.12
5963,087016,ولی شما زندگی دنیا را مقدم می‌دارید،,4.963
5964,087017,در حالی که آخرت بهتر و پایدارتر است!,4.336
5965,087018,این دستورها در کتب آسمانی پیشین (نیز) آمده است،,5.486
5966,087019,در کتب ابراهیم و موسی.,3.239
5968,088002,چهره‌هایی در آن روز خاشع و ذلّت‌بارند،,4.389
5969,088003,آنها که پیوسته عمل کرده و خسته شده‌اند (و نتیجه‌ای عایدشان نشده است)،,4.336
5970,088004,و در آتش سوزان وارد می‌گردند؛,3.709
5971,088005,از چشمه‌ای بسیار داغ به آنان می‌نوشانند؛,4.65
5974,088008,چهره‌هایی در آن روز شاداب و باطراوتند،,4.911
5975,088009,و از سعی و تلاش خود خشنودند،,3.239
5976,088010,در بهشتی عالی جای دارند،,3.082
5977,088011,که در آن هیچ سخن لغو و بیهوده‌ای نمی‌شنوند!,4.859
5978,088012,در آن چشمه‌ای جاری است،,2.717
5979,088013,در آن تختهای زیبای بلندی است،,3.866
5980,088014,و قدحهایی (که در کنار این چشمه) نهاده،,2.769
5981,088015,و بالشها و پشتیهای صف‌داده شده،,3.762
5982,088016,و فرشهای فاخر گسترده!,3.291
5983,088017,آیا آنان به شتر نمی‌نگرند که چگونه آفریده شده است؟!,5.695
5984,088018,و به آسمان نگاه نمی‌کنند که چگونه برافراشته شده؟!,5.433
5985,088019,و به کوه‌ها که چگونه در جای خود نصب گردیده!,4.859
5986,088020,و به زمین که چگونه گسترده و هموار گشته است؟!,5.068
5987,088021,پس تذکّر ده که تو فقط تذکّر دهنده‌ای!,4.911
5988,088022,تو سلطه‌گر بر آنان نیستی که (بر ایمان) مجبورشان کنی،,5.904
5989,088023,مگر کسی که پشت کند و کافر شود،,3.605
5991,088025,به یقین بازگشت (همه) آنان به سوی ماست،,5.172
5992,088026,و مسلّماً حسابشان (نیز) با ماست!,4.336
5994,089002,و به شبهای دهگانه،,2.456
5995,089003,و به زوج و فرد،,2.194
5998,089006,آیا ندیدی پروردگارت با قوم «عاد» چه کرد؟!,5.12
5999,089007,و با آن شهر «اِرَم» باعظمت،,3.239
6000,089008,همان شهری که مانندش در شهرها آفریده نشده بود!,5.224
6002,089010,و فرعونی که قدرتمند و شکنجه‌گر بود،,3.971
6003,089011,همان اقوامی که در شهرها طغیان کردند،,3.918
6004,089012,و فساد فراوان در آنها به بار آوردند؛,4.493
6006,089014,به یقین پروردگار تو در کمینگاه (ستمگران) است!,5.904
6009,089017,چنان نیست که شما می‌پندارید؛ شما یتیمان را گرامی نمی‌دارید،,5.486
6010,089018,و یکدیگر را بر اطعام مستمندان تشویق نمی‌کنید،,5.224
6012,089020,و مال و ثروت را بسیار دوست دارید (و بخاطر آن گناهان زیادی مرتکب می‌شوید)!,4.493
6018,089026,و هیچ کس همچون او کسی را به بند نمی‌کشد!,5.016
6019,089027,تو ای روح آرام‌یافته!,3.03
6021,089029,پس در سلک بندگانم درآی،,3.866
6022,089030,و در بهشتم وارد شو!,3.291
6024,090002,شهری که تو در آن ساکنی،,2.56
6027,090005,آیا او گمان می‌کند که هیچ کس نمی‌تواند بر او دست یابد؟!,5.59
6029,090007,آیا (انسان) گمان می‌کند هیچ کس او را ندیده (که عمل خیری انجام نداده) است؟!,5.12
6030,090008,آیا برای او دو چشم قرار ندادیم،,4.127
6031,090009,و یک زبان و دو لب؟!,2.456
6032,090010,و او را به راه خیر و شرّ هدایت کردیم!,3.657
6033,090011,ولی او از آن گردنه مهمّ نگذشت!,3.971
6034,090012,و تو نمی‌دانی آن گردنه چیست!,3.082
6035,090013,آزادکردن برده‌ای،,2.247
6036,090014,یا غذا دادن در روز گرسنگی...,3.5
6037,090015,یتیمی از خویشاوندان،,2.508
6038,090016,یا مستمندی خاک‌نشین را،,2.978
6044,091002,و به ماه هنگامی که بعد از آن درآید،,4.336
6045,091003,و به روز هنگامی که صفحه زمین را روشن سازد،,5.381
6046,091004,و به شب آن هنگام که زمین را بپوشاند،,4.754
6047,091005,و قسم به آسمان و کسی که آسمان را بنا کرده،,5.59
6048,091006,و به زمین و کسی که آن را گسترانیده،,5.068
6050,091008,سپس فجور و تقوا (شرّ و خیرش) را به او الهام کرده است،,5.068
6051,091009,که هر کس نفس خود را پاک و تزکیه کرده، رستگار شده؛,5.747
6054,091012,آنگاه که شقی‌ترین آنها بپاخاست،,3.762
6057,091015,و او هرگز از فرجام این کار [= مجازات ستمگران‌] بیم ندارد!,5.956
6059,092002,و قسم به روز هنگامی که تجلّی کند،,4.441
6060,092003,و قسم به آن کس که جنس مذکّر و مؤنّث را آفرید،,5.695
6061,092004,که سعی و تلاش شما مختلف است:,3.291
6063,092006,و جزای نیک (الهی) را تصدیق کند،,3.553
6064,092007,ما او را در مسیر آسانی قرار می‌دهیم!,3.918
6065,092008,امّا کسی که بخل ورزد و (از این راه) بی‌نیازی طلبد،,5.695
6066,092009,و پاداش نیک (الهی) را انکار کند،,3.5
6067,092010,بزودی او را در مسیر دشواری قرار می‌دهیم؛,4.807
6069,092012,به یقین هدایت کردن بر ماست،,3.814
6070,092013,و آخرت و دنیا از آن ماست،,3.239
6071,092014,و من شما را از آتشی که زبانه می‌کشد بیم می‌دهم،,5.851
6072,092015,کسی جز بدبخت‌ترین مردم وارد آن نمی‌شود؛,5.277
6078,092021,و بزودی راضی و خشنود می‌شود!,4.389
6080,093002,و سوگند به شب در آن هنگام که آرام گیرد،,5.172
6082,093004,و مسلّماً آخرت برای تو از دنیا بهتر است!,5.747
6084,093006,آیا او تو را یتیم نیافت و پناه داد؟!,4.232
6085,093007,و تو را گمشده یافت و هدایت کرد،,3.553
6086,093008,و تو را فقیر یافت و بی‌نیاز نمود،,3.814
6087,093009,حال که چنین است یتیم را تحقیر مکن،,4.232
6088,093010,و سؤال‌کننده را از خود مران،,3.239
6089,093011,و نعمتهای پروردگارت را بازگو کن!,4.859
6091,094002,و بار سنگین تو را از تو برنداشتیم؟!,3.762
6092,094003,همان باری که سخت بر پشت تو سنگینی می‌کرد!,4.754
6093,094004,و آوازه تو را بلند ساختیم!,3.187
6094,094005,به یقین با (هر) سختی آسانی است!,4.232
6095,094006,(آری) مسلّماً با (هر) سختی آسانی است،,5.016
6097,094008,و به سوی پروردگارت توجّه کن!,4.023
6099,095002,و سوگند به «طور سینین»،,3.082
6100,095003,و قسم به این شهر امن [= مکّه‌]،,3.553
6101,095004,که ما انسان را در بهترین صورت و نظام آفریدیم،,5.172
6102,095005,سپس او را به پایین‌ترین مرحله بازگرداندیم،,4.911
6105,095008,آیا خداوند بهترین حکم‌کنندگان نیست؟!,4.807
6107,096002,همان کس که انسان را از خون بسته‌ای خلق کرد!,5.224
6108,096003,بخوان که پروردگارت (از همه) بزرگوارتر است،,5.747
6109,096004,همان کسی که بوسیله قلم تعلیم نمود،,4.598
6110,096005,و به انسان آنچه را نمی‌دانست یاد داد!,4.65
6112,096007,از اینکه خود را بی‌نیاز ببیند!,3.187
6113,096008,و به یقین بازگشت (همه) به سوی پروردگار تو است!,5.851
6114,096009,به من خبر ده آیا کسی که نهی می‌کند،,4.493
6116,096011,به من خبر ده اگر این بنده به راه هدایت باشد،,5.433
6121,096016,همان ناصیه دروغگوی خطاکار را!,3.762
6122,096017,سپس هر که را می‌خواهد صدا بزند (تا یاریش کند)!,5.851
6123,096018,ما هم بزودی مأموران دوزخ را صدا می‌زنیم (تا او را به دوزخ افکنند)!,4.598
6126,097002,و تو چه می‌دانی شب قدر چیست؟!,3.344
6127,097003,شب قدر بهتر از هزار ماه است!,4.075
6132,098003,و در آن نوشته‌های صحیح و پرارزشی باشد! (ولی هنگامی که آمد ایمان نیاوردند، مانند اهل کتاب).,4.963
6139,099002,و زمین بارهای سنگینش را خارج سازد!,5.172
6140,099003,و انسان می‌گوید: «زمین را چه می‌شود (که این گونه می‌لرزد)؟!»,4.545
6141,099004,در آن روز زمین تمام خبرهایش را بازگو می‌کند؛,5.59
6142,099005,چرا که پروردگارت به او وحی کرده است!,4.493
6147,100002,و سوگند به افروزندگان جرقه آتش (در برخورد سمهایشان با سنگهای بیابان)،,4.754
6148,100003,و سوگند به هجوم آوران سپیده دم‌,4.65
6149,100004,که گرد و غبار به هر سو پراکندند،,3.553
6150,100005,و (ناگهان) در میان دشمن ظاهر شدند،,4.336
6152,100007,و او خود (نیز) بر این معنی گواه است!,3.657
6153,100008,و او علاقه شدید به مال دارد!,4.493
6155,100010,و آنچه در درون سینه‌هاست آشکار می‌گردد،,4.441
6158,101002,و چه حادثه کوبنده‌ای!,2.926
6160,101004,روزی که مردم مانند پروانه‌های پراکنده خواهند بود،,5.695
6161,101005,و کوه‌ها مانند پشم رنگین حلاّجی‌شده می‌گردد!,5.695
6163,101007,در یک زندگی خشنودکننده خواهد بود!,3.762
6164,101008,و امّا کسی که ترازوهایش سبک است،,3.553
6165,101009,پناهگاهش «هاویه» [= دوزخ‌] است!,3.553
6166,101010,و تو چه می‌دانی «هاویه» چیست؟!,3.082
6167,101011,آتشی است سوزان!,2.351
6170,102003,چنین نیست که می‌پندارید، (آری) بزودی خواهید دانست!,4.127
6171,102004,باز چنان نیست که شما می‌پندارید؛ بزودی خواهید دانست!,5.172
6173,102006,قطعاً شما جهنّم را خواهید دید!,4.232
6174,102007,سپس (با ورود در آن) آن را به عین الیقین خواهید دید.,4.754
6177,103002,که انسانها همه در زیانند؛,3.291
6181,104003,او گمان می‌کند که اموالش او را جاودانه می‌سازد!,4.911
6183,104005,و تو چه می‌دانی «حُطمه» چیست؟!,3.553
6184,104006,آتش برافروخته الهی است،,3.239
6185,104007,آتشی که از دلها سرمی‌زند!,3.239
6186,104008,این آتش بر آنها فروبسته شده،,3.5
6187,104009,در ستونهای کشیده و طولانی!,3.5
6189,105002,آیا نقشه آنها را در ضلالت و تباهی قرار نداد؟!,5.695
6190,105003,و بر سر آنها پرندگانی را گروه گروه فرستاد،,5.642
6191,105004,که با سنگهای کوچکی آنان را هدف قرارمی‌دادند؛,5.329
6192,105005,سرانجام آنها را همچون کاه خورده‌شده (و متلاشی) قرار داد!,5.851
6198,107002,او همان کسی است که یتیم را با خشونت می‌راند،,4.859
6199,107003,و (دیگران را) به اطعام مسکین تشویق نمی‌کند!,4.807
6200,107004,پس وای بر نمازگزارانی که...,3.5
6201,107005,در نماز خود سهل‌انگاری می‌کنند،,3.605
6202,107006,همان کسانی که ریا می‌کنند،,2.821
6205,108002,پس برای پروردگارت نماز بخوان و قربانی کن!,5.172
6208,109002,آنچه را شما می‌پرستید من نمی‌پرستم!,4.127
6209,109003,و نه شما آنچه را من می‌پرستم می‌پرستید،,4.702
6210,109004,و نه من هرگز آنچه را شما پرستش کرده‌اید می‌پرستم،,5.642
6211,109005,و نه شما آنچه را که من می‌پرستم پرستش می‌کنید؛,5.695
6214,110002,و ببینی مردم گروه گروه وارد دین خدا می‌شوند،,5.904
6218,111003,و بزودی وارد آتشی شعله‌ور و پرلهیب می‌شود؛,5.538
6219,111004,و (نیز) همسرش، در حالی که هیزم‌کش (دوزخ) است،,4.859
6220,111005,و در گردنش طنابی است از لیف خرما!,4.336
6222,112002,خداوندی است که همه نیازمندان قصد او می‌کنند؛,4.963
6223,112003,(هرگز) نزاد، و زاده نشد،,3.866
6224,112004,و برای او هیچگاه شبیه و مانندی نبوده است!,5.381
6226,113002,از شرّ تمام آنچه آفریده است؛,3.709
6228,113004,و از شرّ آنها که با افسون در گره‌ها می‌دمند (و هر تصمیمی را سست می‌کنند)؛,5.642
6229,113005,و از شرّ هر حسودی هنگامی که حسد می‌ورزد!,5.12
6231,114002,به مالک و حاکم مردم،,3.135
6232,114003,به (خدا و) معبود مردم،,2.299
6233,114004,از شرّ وسوسه‌گر پنهانکار،,3.5
6234,114005,که در درون سینه انسانها وسوسه می‌کند،,4.284
6235,114006,خواه از جنّ باشد یا از انسان!,4.754
